1,【复开通知】倾心回忆 梦恋奇迹,20171007.html,1.50731E+12,1,0,0,1
2,【多重活动】大喵限时制衣 公主级双倍,20171006.html,1.50722E+12,1,0,0,1
3,【维护公告】3.10.0版本来袭 废墟歌者之战一触即发,20170928_3.html,1.50653E+12,1,1,1,0
4,【多重活动】大喵指引废墟歌姬 优化一览,20170928_D.html,1.50653E+12,1,0,0,1
5,【复开活动】星辰深处 黑白梦境再启,20170928_X.html,1.50653E+12,1,0,0,1
6,【新套装】飞舞梦之旅 萌萌正太猫,20170927.html,1.50644E+12,1,0,0,1
7,【萤光之灵】洁洁云全新萤光之灵上线！,javascript:;,1.50636E+12,1,0,0,1
8,【中秋套装】琉璃映月华 丹樨远香清,javascript:;,1.50627E+12,1,0,0,1
9,【新套装】超频入侵 虚空歌者之战,javascript:;,1.50618E+12,1,0,0,1
10,【多重惊喜】特惠礼包来袭 大喵指引开启,javascript:;,1.50592E+12,1,0,0,1
11,【新套装】累计消耗送丽姬套装！,javascript:;,1.50584E+12,1,0,0,1
12,【小屋】愿之庭限时阁 冒险者港湾,javascript:;,1.50575E+12,1,0,0,1
13,【多重活动】充值18元档位送水晶鞋！公主级三倍即将开启,javascript:;,1.50523E+12,1,0,0,1
14,【故宫】梦入琉璃殿 赏锦绣罗衣,javascript:;,1.50489E+12,1,0,0,1
15,《奇迹暖暖》流浪猫领养计划开启,javascript:;,1.5048E+12,1,0,0,1
16,【多重惊喜】珍稀萤光之灵出现 大喵指引开启,javascript:;,1.50471E+12,1,0,0,1
17,【新套装】轻甜奇遇 永不落幕的茶会,javascript:;,1.50463E+12,1,0,0,1
18,【复开通知】倾心回忆复开 誓言礼包上架,javascript:;,1.5042E+12,1,0,0,1
19,【新套装】周末登录送 绵绵秋意浓,javascript:;,1.50411E+12,1,0,0,1
20,【维护公告】3.9.0版本来袭 全新第二卷开启,20170829.html,1.50394E+12,1,0,1,0
21,【新套装】充值送极道套装 清凉一元购上线,javascript:;,1.50394E+12,1,0,0,1
22,【新版本】功能优化一览 大喵指引来袭,javascript:;,1.50385E+12,1,0,0,1
23,【小屋】愿之庭长期阁 星河小夜曲,javascript:;,1.50385E+12,1,0,0,1
24,【新套装】极限竞速 超越终点的光芒,javascript:;,1.50376E+12,1,0,0,1
25,【联盟套装】裁影工坊、小铺上新！招募公告限时六折！,javascript:;,1.50376E+12,1,0,0,1
26,【新章节】铁蔷薇解散？ 剧情第二卷开启！,javascript:;,1.50368E+12,1,0,0,1
27,【登录送】首款棕色皮肤套装！,javascript:;,1.50359E+12,1,0,0,1
28,【复开通知】珍稀萤光之灵再现 公主级双倍开启,javascript:;,1.5035E+12,1,0,0,1
29,【新套装】累计消耗送萌猫套装！,javascript:;,1.50316E+12,1,0,0,1
30,【新功能】小屋分解开放 建造趣味家具,javascript:;,1.50264E+12,1,0,0,1
31,【多重惊喜】大喵限时制衣首次指引“星之海”套装！,javascript:;,1.50238E+12,1,0,0,1
32,【复开通知】珍稀萤光之灵再现 中式婚纱复开,javascript:;,1.50229E+12,1,0,0,1
33,【新套装】冥狱之火 天地镇魂,javascript:;,1.50169E+12,1,0,0,1
34,【首充双倍】登录送200钻 滚滚福利放送,20170803.html,1.50169E+12,1,0,1,0
35,【魑魅魍魉】随时间流转 鬼魅幻化人形,javascript:;,1.5016E+12,1,0,0,1
36,【优化】新版本优化内容一览,20170801.html,1.50152E+12,1,0,1,0
37,【限时活动】大喵限时制衣 公主级双倍开启,javascript:;,1.50143E+12,1,0,0,1
38,【新套装】联盟新章节开启 海樱、雪伊套装同款上架,20170730.html,1.50134E+12,1,0,1,0
39,【复开通知】回忆花火再现 公主级双倍开启,javascript:;,1.50108E+12,1,0,0,1
40,【夏日限定】暑期专属礼包来袭,20170725.html,1.50091E+12,1,1,0,0
41,【新套装】青涩梦想与暗恋 乘着纸飞机远行,javascript:;,1.50031E+12,1,0,0,1
42,【小屋】猫王国的茶会 登录送猫猫！,javascript:;,1.50022E+12,1,0,0,1
43,【停服公告】特惠礼包来袭 大喵限时制衣开启,javascript:;,1.4997E+12,1,0,0,1
44,【新套装】星城绮梦 缤纷之夏,javascript:;,1.49962E+12,1,0,0,1
45,【复开通知】珍稀萤光之灵再现 公主级双倍再启,javascript:;,1.49927E+12,1,0,0,1
46,【公告】6.30-7.3评选赛及竞技场结算问题补偿,javascript:;,1.49901E+12,1,0,1,0
47,【维护公告】3.7.0版本即将开启 更新内容一览,javascript:;,1.49867E+12,1,0,1,0
48,【累充福利】累充300钻送全新时空套装,javascript:;,1.49867E+12,1,0,0,1
49,【优化】多项优化内容一览 大喵指引开启,javascript:;,1.49858E+12,1,0,1,0
50,【满天繁星】聚合双子之力 破解星宿奥秘,javascript:;,1.49832E+12,1,0,0,1
51,【特惠福利】珍稀萤光之灵再现 特惠礼包来袭,javascript:;,1.49789E+12,1,0,0,1
52,【小屋】岚烟雪中阁限时开启 首款小暖暖套装上线,javascript:;,1.49789E+12,1,0,0,1
53,【新套装】充值送恋曲套装 大喵指引限时开启,javascript:;,1.4972E+12,1,0,0,1
54,【新套装】Warning！！！全城通缉令发布！！！,javascript:;,1.4972E+12,1,0,0,1
55,【维护公告】3.6.0版本即将开启 更新内容一览,javascript:;,1.49668E+12,1,0,1,0
56,【全面优化】17条游戏内体验优化！,javascript:;,1.49659E+12,1,0,1,0
57,【新套装】珍稀萤光之灵出现 分解重构套装上新,javascript:;,1.49659E+12,1,0,0,1
58,【周末福利】星光双倍开启 缔结情缘再临,javascript:;,1.49651E+12,1,0,1,0
59,【新章节】破晓黎明之战！登录领100钻！,javascript:;,1.49651E+12,1,0,1,0
60,【喜迎新春】宫苑庆新春 游梦话芳情,20170121.html,1.48493E+12,0,1,0,0
61,【喜迎新春】云巅盛景――决战云京之巅！,20170119.html,1.48476E+12,0,1,0,0
62,【喜迎新春】家族萌宠来袭！哪个家族才是你的最爱？,20170116.html,1.4845E+12,0,1,0,0
63,【新章节】海樱人生大危机，财团总裁霸道登场,javascript:;,1.4826E+12,0,1,0,0
64,大喵爆料，暖暖要跟故宫合作啦！,javascript:;,1.48164E+12,0,1,0,0
65,【登录送套装】特别献礼 雪姬物语,javascript:;,1.4813E+12,0,1,0,0
66,【新套装】御锦华樱 琼天一梦,javascript:;,1.47784E+12,0,1,0,0
67,【新套装】来自北境的瑰宝――雪原的凌冽与温柔,javascript:;,1.47776E+12,0,1,0,0
68,【新闻】《云裳盛世 遇见古今》服装大赏 巴黎决赛名单热辣出炉,javascript:;,1.47612E+12,0,1,0,0
69,【新闻】“云裳盛世 遇见古今”十强投票开启 巴黎之行由你决定,javascript:;,1.47508E+12,0,1,0,0
70,【新闻】十大直播平台星光闪耀助阵奇迹暖暖南京赛,javascript:;,1.47508E+12,0,1,0,0
71,【新套装】中秋福利提前享 连续六天钻石大派送,javascript:;,1.47352E+12,0,1,0,0
72,【新玩法】浮梦岛长期开放 还有累计充值送好礼,javascript:;,1.47266E+12,0,1,0,0
73,【凌云之围】隐藏在奇迹大陆和平秩序之下的真相究竟是？,javascript:;,1.47231E+12,0,1,0,0
74,云裳盛世-遇见古今设计大赛今日启动,javascript:;,1.47214E+12,0,1,0,0
75,【公告】8月19日临时停服维护,javascript:;,1.47145E+12,0,1,0,0
76,【领取套装】“冰蓝蔷薇”成就套装领取攻略,javascript:;,1.47093E+12,0,1,0,0
77,【新套装】水晶花园上新“医蛊苗女”登场,javascript:;,1.46704E+12,0,1,0,0
78,【定制福利】《奇迹暖暖》携手京东商城 绝版珍藏e卡大派送,javascript:;,1.46575E+12,0,1,0,0
79,【周末福利】公主级双倍活动开启！,javascript:;,1.4648E+12,0,1,0,0
80,【奇迹暖暖】带你去见“国民老公”宋仲基,javascript:;,1.46609E+12,0,1,0,0
81,【微电影】周年主题微电影：遇见你是最美的奇迹,javascript:;,1.46367E+12,0,1,0,0
82,【线下活动】周年闺蜜趴 遇见你是最美的奇迹,javascript:;,1.46367E+12,0,1,0,0
83,【周年盛典】庆生闺蜜趴，三大平台同步直播中~,javascript:;,1.46359E+12,0,1,0,0
84,【周年庆】真爱喵带你与宋仲基面对面！,javascript:;,1.46316E+12,0,1,0,0
85,【周末福利】公主级双倍活动开启,javascript:;,1.46238E+12,0,1,0,0
86,【登录送套装】甜蜜阳光，甜蜜分享！,javascript:;,1.46229E+12,0,1,0,0
87,【活动】古典之音 乐团献礼,javascript:;,1.46177E+12,0,1,0,0
88,【节日献礼】公主级双倍活动开启,javascript:;,1.46177E+12,0,1,0,0
89,【公告】公主级双倍&星光币双倍齐开!,javascript:;,1.46117E+12,0,1,0,0
90,【福利】4月青葱一元购开启 公主级双倍爽爆周末,javascript:;,1.46056E+12,0,1,0,0
91,【镇魂曲】安灵镇魂曲即将开启！另有累计消耗送好礼~(附谜底),javascript:;,1.45996E+12,0,1,0,0
92,【镇魂曲】赶紧来解开谜题，寻找梦魇的碎片吧！,javascript:;,1.45979E+12,0,1,0,0
93,【福利节节高】4月2日-4月4日公主级双倍,javascript:;,1.45944E+12,0,1,0,0
94,【婚纱】真爱永恒・梦恋奇迹<第二期>,javascript:;,1.45909E+12,0,1,0,0
95,【活动】3月25日―3月27日双重惊喜 初春享好礼,javascript:;,1.45875E+12,0,1,0,0
96,"【春日福利】第三期""奇迹大陆知识问答活动""开启 海量道具送不停",javascript:;,1.45814E+12,0,1,0,0
97,【维护公告】3.5.0版本即将开启~周年庆典活动一览,javascript:;,1.49495E+12,0,0,1,0
98,【奇迹暖暖】5.11临时停服维护公告,javascript:;,1.49435E+12,0,0,1,0
99,【周末福利】星光币公主级双倍来袭 珍稀萤光之灵浮现,javascript:;,1.49383E+12,0,0,1,0
100,【维护公告】3.4.2即将开启 更新内容一览,javascript:;,1.49314E+12,0,0,1,0
101,【同人征集】周年庆典，参赛得丰厚奖励,javascript:;,1.49305E+12,0,0,1,0
102,【维护公告】3.4.0即将开启 更新内容一览,javascript:;,1.49184E+12,0,0,1,0
103,【新系统】暖春四月，遇见你的小屋,javascript:;,1.49149E+12,0,0,1,0
104,【登录送】联合国文化活动 登录送壕礼~,javascript:;,1.4902E+12,0,0,1,0
105,【维护公告】3.3.0即将开启 更新内容一览,javascript:;,1.49003E+12,0,0,1,0
106,【新版本】青葱一元购 公主级星光币双倍齐开~,javascript:;,1.49003E+12,0,0,1,0
107,【优化】游光长廊大升级！多件大喵指引~,javascript:;,1.48994E+12,0,0,1,0
108,【新章节】枪声冲破黎明！迷雾初现端倪,javascript:;,1.48985E+12,0,0,1,0
109,【周末福利】公主级双倍 大喵指引再次开启,javascript:;,1.48959E+12,0,0,1,0
110,【维护公告】婚纱版本即将浪漫来临,javascript:;,1.48899E+12,0,0,1,0
111,【活动】梦恋奇迹活动优化改版~,javascript:;,1.48864E+12,0,0,1,0
112,【婚纱四期】全新婚纱惊艳登场,javascript:;,1.48856E+12,0,0,1,0
113,【维护公告】联盟搭配战修复优化 临时维护公告,javascript:;,1.48821E+12,0,0,1,0
114,【公告】关于联盟裁影工坊“白雀羽衣”制作顺序修正,javascript:;,1.48812E+12,0,0,1,0
115,【维护公告】3.2.0即将开启 更新内容一览,javascript:;,1.48761E+12,0,0,1,0
116,【新优化】祝羽弦首度现身织梦人学会！,javascript:;,1.48752E+12,0,0,1,0
117,【凝砂之战】联盟搭配战――并肩合作 协力制衣,javascript:;,1.48743E+12,0,0,1,0
118,【限时福利】联盟招募公告限时六折！,javascript:;,1.48743E+12,0,0,1,0
119,【公告】针对春节活动意见建议反馈处理方案,javascript:;,1.4851E+12,0,0,1,0
120,【更新公告】更新一览,javascript:;,1.48501E+12,0,0,1,0
121,【喜迎新春】云巅盛景 四神之战,javascript:;,1.48458E+12,0,0,1,0
122,【联邦商贸】改名功能上线啦～,javascript:;,1.48303E+12,0,0,1,0
123,【临时停服维护公告】,javascript:;,1.48303E+12,0,0,1,0
124,【致歉公告】星光挑战赛活动取消，及后续调整反馈,javascript:;,1.48303E+12,0,0,1,0
125,【新版本】记录美好 纪念光阴,javascript:;,1.48277E+12,0,0,1,0
126,【公告】关于圣诞版本问题处理说明,javascript:;,1.48234E+12,0,0,1,0
127,【征集】Discovery邀你与奇迹暖暖一起定义未来游戏,javascript:;,1.48216E+12,0,0,1,0
128,【维护公告】2.9.1即将开启 更新内容一览,javascript:;,1.48216E+12,0,0,1,0
129,【周末特惠】知识问答、双倍福利同步开启,javascript:;,1.48113E+12,0,0,1,0
130,【维护公告】2.9.0即将开启 更新内容一览,javascript:;,1.48052E+12,0,0,1,0
131,【新优化】换装背景新品上架 欣赏模式全面优化,javascript:;,1.48035E+12,0,0,1,0
132,【新套装】萤光之灵更新 联盟新章开启,javascript:;,1.48035E+12,0,0,1,0
133,【维护公告】2.8.0即将开启 更新内容一览,javascript:;,1.4781E+12,0,0,1,0
134,【新优化】饰品分类全面细化 竞技场新增快速通关,javascript:;,1.47802E+12,0,0,1,0
135,【新套装】多套新品同步更新 往期套装同步上架,javascript:;,1.47793E+12,0,0,1,0
136,【周末福利】公主级双倍开启,javascript:;,1.47689E+12,0,0,1,0
137,【维护公告】2.7.1即将开启 更新内容一览,javascript:;,1.47499E+12,0,0,1,0
138,【新套装】白樱恋歌，首款互动套装上线！,javascript:;,1.49642E+12,,,,1
139,【儿童节福利】成就套装登录送 软萌兔子免费领,javascript:;,1.49616E+12,,,,1
140,【钻石福利】洛水河畔 祈福端午,javascript:;,1.49573E+12,,,,1
141,【活动预告】节日套装提前看！夏沫海歌再次开启~,,1.49495E+12,,,,1
142,【两周年庆典・第九弹】时光流转之庭，限时开放！,,1.49486E+12,,,,1
143,【两周年庆典・第八弹】首充双倍重置―三大绝美套装让你目不暇接,,1.49478E+12,,,,1
144,【两周年庆典・第七弹】完成任务，免费赢取纪念套装,,1.49469E+12,,,,1
145,【两周年庆典・第六弹】登录即送，福利多多,,1.49469E+12,,,,1
146,【两周年庆典・第四弹】黛奥比、艾思现身梦幻工坊！,,1.4946E+12,,,,1
147,【两周年庆典・第四弹】时光纪念簿\织梦人\小屋全面更新！,,1.4946E+12,,,,1
148,【两周年庆典・第三弹】联盟搭配战推出新套装！,,1.4946E+12,,,,1
149,【两周年庆典・第二弹】下一位开放换装的新角色由你决定！,,1.49452E+12,,,,1
150,【两周年庆典・首爆】给男角色换装！,,1.49452E+12,,,,1
151,【新套装】累计消费送套装 知识问答、公主级双倍开启,,1.49426E+12,,,,1
152,【两周年庆典・第九弹】时光流转之庭，限时开放！,,1.49486E+12,,,,1
153,【两周年庆典・第八弹】首充双倍重置―三大绝美套装让你目不暇接,,1.49478E+12,,,,1
154,【两周年庆典・第七弹】完成任务，免费赢取纪念套装,,1.49469E+12,,,,1
155,【两周年庆典・第六弹】登录即送，福利多多,,1.49469E+12,,,,1
156,【两周年庆典・第四弹】黛奥比、艾思现身梦幻工坊！,,1.4946E+12,,,,1
157,【两周年庆典・第四弹】时光纪念簿\织梦人\小屋全面更新！,,1.4946E+12,,,,1
158,【两周年庆典・第三弹】联盟搭配战推出新套装！,,1.4946E+12,,,,1
159,【两周年庆典・第二弹】下一位开放换装的新角色由你决定！,,1.49452E+12,,,,1
160,【两周年庆典・首爆】给男角色换装！,,1.49452E+12,,,,1
161,【新套装】累计消费送套装 知识问答、公主级双倍开启,,1.49426E+12,,,,1
162,【新套装】青葱一元购开启 劳动节超值特惠来袭,,1.49314E+12,,,,1
163,【劳动节福利】每天登录送福利~大喵制衣、公主级双倍齐开,,1.49305E+12,,,,1
164,【暖暖小屋】愿之庭限时活动“晨露花中梦”开启,,1.49305E+12,,,,1
165,【新套装】黑暗势力来袭 神秘刺客之夜,,1.49296E+12,,,,1
166,【福利】游光长廊活动开启，还有3元特惠礼包、公主星光双倍~,,1.49244E+12,,,,1
167,【暖暖小屋】周末团购即将开启~,,1.4921E+12,,,,1
168,【新套装】繁星旋律 累计充值300钻送套装,,1.49184E+12,,,,1
169,【新套装】越千霜现身织梦人 联盟小铺上新,,1.49175E+12,,,,1
170,【新套装】风渊历险 宿命传奇,,1.49167E+12,,,,1
171,【小屋】愿之庭首期主题小屋，感受绿野林中屋,,1.49158E+12,,,,1
